{
  "accuracy": 0.8324022346368715,
  "precision": 0.8095238095238095,
  "recall": 0.7391304347826086,
  "f1": 0.7727272727272727
}